{
    "snips/default--next": {
        "vanilla": "71a1914e-b588-460e-b960-0defca32d8f5.vanilla", 
        "ngram": true, 
        "added": "71a1914e-b588-460e-b960-0defca32d8f5.added", 
        "pruningThresholds": [], 
        "order": 3
    }, 
    "snips/default--Step": {
        "vanilla": "af8b6230-79f6-40b7-b376-b62509a463e3.vanilla", 
        "ngram": true, 
        "added": "af8b6230-79f6-40b7-b376-b62509a463e3.added", 
        "pruningThresholds": [], 
        "order": 3
    }, 
    "snips/default--step": {
        "vanilla": "d34530ca-520f-4c1e-a235-817f5f710506.vanilla", 
        "ngram": true, 
        "added": "d34530ca-520f-4c1e-a235-817f5f710506.added", 
        "pruningThresholds": [], 
        "order": 3
    }, 
    "snips/default--Previous": {
        "vanilla": "e0c9a3e3-a264-4cc5-83bf-0026fa2ab9fc.vanilla", 
        "ngram": true, 
        "added": "e0c9a3e3-a264-4cc5-83bf-0026fa2ab9fc.added", 
        "pruningThresholds": [], 
        "order": 3
    }
}