{
    "snips/default--next": {
        "vanilla": "e5e5b8da-2240-4828-9635-90b1a2f20ffc.vanilla", 
        "ngram": true, 
        "added": "e5e5b8da-2240-4828-9635-90b1a2f20ffc.added", 
        "pruningThresholds": [], 
        "order": 3
    }, 
    "snips/default--Step": {
        "vanilla": "22c89a5a-96fc-4e99-86a8-3614282a0d66.vanilla", 
        "ngram": true, 
        "added": "22c89a5a-96fc-4e99-86a8-3614282a0d66.added", 
        "pruningThresholds": [], 
        "order": 3
    }, 
    "snips/default--step": {
        "vanilla": "9cc25448-6d1a-4a04-a198-36a42a21ab5a.vanilla", 
        "ngram": true, 
        "added": "9cc25448-6d1a-4a04-a198-36a42a21ab5a.added", 
        "pruningThresholds": [], 
        "order": 3
    }, 
    "snips/default--Previous": {
        "vanilla": "9fa92847-4aeb-4e44-aa60-b37a61c8fc89.vanilla", 
        "ngram": true, 
        "added": "9fa92847-4aeb-4e44-aa60-b37a61c8fc89.added", 
        "pruningThresholds": [], 
        "order": 3
    }
}