{
    "snips/default--next": {
        "vanilla": "e99c6362-b42d-4021-a0c3-f8c6662348b1.vanilla", 
        "ngram": true, 
        "added": "e99c6362-b42d-4021-a0c3-f8c6662348b1.added", 
        "pruningThresholds": [], 
        "order": 3
    }, 
    "snips/default--Step": {
        "vanilla": "ee722c34-8062-496b-bb1b-f0e7d3a889c1.vanilla", 
        "ngram": true, 
        "added": "ee722c34-8062-496b-bb1b-f0e7d3a889c1.added", 
        "pruningThresholds": [], 
        "order": 3
    }, 
    "snips/default--step": {
        "vanilla": "a8d00e03-64fa-4d72-bf55-640dc0676ebd.vanilla", 
        "ngram": true, 
        "added": "a8d00e03-64fa-4d72-bf55-640dc0676ebd.added", 
        "pruningThresholds": [], 
        "order": 3
    }, 
    "snips/default--Previous": {
        "vanilla": "fb2550fb-d2be-41dc-9198-50b4259b4a21.vanilla", 
        "ngram": true, 
        "added": "fb2550fb-d2be-41dc-9198-50b4259b4a21.added", 
        "pruningThresholds": [], 
        "order": 3
    }
}