{
  "coeffs": [
    [
      -0.9146090579282259, 
      -0.29931873710561896, 
      -2.102401457483176, 
      -1.6939911332953834, 
      -0.9863296726789745, 
      -0.6930246161381437, 
      -0.7328774894678028, 
      -0.9585059195105474, 
      -0.4536974384981085, 
      -0.812405605255754, 
      -1.2544248984106028, 
      -1.29930782206878, 
      2.8327038042457384
    ]
  ], 
  "config": {
    "data_augmentation_config": {
      "add_builtin_entities_examples": false, 
      "min_utterances": 20, 
      "noise_factor": 5, 
      "unknown_word_prob": 0.2, 
      "unknown_words_replacement_string": "unknownword"
    }, 
    "featurizer_config": {
      "pvalue_threshold": 0.4, 
      "sublinear_tf": false, 
      "use_stemming": true, 
      "word_clusters_name": null
    }, 
    "random_seed": null, 
    "unit_name": "log_reg_intent_classifier"
  }, 
  "featurizer": {
    "best_features": [
      0, 
      1, 
      2, 
      3, 
      4, 
      5, 
      6, 
      7, 
      8, 
      9, 
      10, 
      11, 
      12
    ], 
    "config": {
      "pvalue_threshold": 0.4, 
      "sublinear_tf": false, 
      "use_stemming": true, 
      "word_clusters_name": null
    }, 
    "language_code": "fr", 
    "tfidf_vectorizer": {
      "idf_diag": [
        4.186352633162641, 
        3.716349003916905, 
        2.962577201540525, 
        3.2308411881352046, 
        3.716349003916905, 
        4.4094961844768505, 
        4.697178256928631, 
        3.849880396541428, 
        4.4094961844768505, 
        4.186352633162641, 
        3.5985659682605218, 
        3.5985659682605218, 
        1.086260344284407
      ], 
      "vocab": {
        "affich": 0, 
        "avoir": 1, 
        "entityfeaturesnipsdefaultnext": 2, 
        "entityfeaturesnipsdefaultstep": 3, 
        "etap": 4, 
        "eunknownword": 5, 
        "instruct": 6, 
        "l": 7, 
        "letape": 8, 
        "pass": 9, 
        "prochain": 10, 
        "suiv": 11, 
        "unknownword": 12
      }
    }, 
    "unknown_words_replacement_string": "unknownword"
  }, 
  "intent_list": [
    "Anqo:NextStep", 
    null
  ], 
  "intercept": [
    -0.12473771812769605
  ], 
  "t_": 601.0
}