{
  "id" : "proj_eqOYNq0162B",
  "name" : "Jarvis",
  "intents" : [ {
    "id" : "Anqo:NextStep",
    "type" : "registry",
    "version" : "0.2.0",
    "language" : "fr",
    "slots" : [ {
      "name" : "next",
      "id" : "4v6Sr7izd",
      "entityId" : "snips/default",
      "missingQuestion" : "",
      "required" : false
    }, {
      "name" : "step",
      "id" : "tm1rmo7jI",
      "entityId" : "snips/default",
      "missingQuestion" : "",
      "required" : false
    } ],
    "name" : "NextStep"
  } ],
  "createdAt" : "2019-02-07T23:27:03.133Z",
  "language" : "fr",
  "version" : {
    "nluModel" : "0.17.0"
  },
  "platform" : {
    "type" : "raspberrypi"
  },
  "asr" : {
    "type" : "snips"
  },
  "analyticsEnabled" : true,
  "heartbeatEnabled" : true,
  "hotword" : "jarvis"
}