{
  "config": {
    "max_pattern_length": 1000, 
    "max_queries": 100, 
    "unit_name": "deterministic_intent_parser"
  }, 
  "group_names_to_slot_names": {
    "group_0": "step", 
    "group_1": "next", 
    "group_10": "Step", 
    "group_11": "Previous", 
    "group_12": "Previous", 
    "group_13": "Step", 
    "group_14": "Previous", 
    "group_2": "step", 
    "group_3": "next", 
    "group_4": "step", 
    "group_5": "next", 
    "group_6": "next", 
    "group_7": "step", 
    "group_8": "Step", 
    "group_9": "Previous"
  }, 
  "language_code": "fr", 
  "patterns": {
    "Anqo:NextStep": [
      "^\\s*(?P<group_6>%SNIPSDEFAULTNEXT%)\\s*(?P<group_7>%SNIPSDEFAULTSTEP%)\\s*$", 
      "^\\s*(?P<group_4>%SNIPSDEFAULTSTEP%)\\s*(?P<group_5>%SNIPSDEFAULTNEXT%)\\s*$", 
      "^\\s*affiche\\s*(?P<group_0>%SNIPSDEFAULTSTEP%)\\s*(?P<group_1>%SNIPSDEFAULTNEXT%)\\s*$", 
      "^\\s*passe\\s*\u00e0\\s*(?P<group_2>%SNIPSDEFAULTSTEP%)\\s*(?P<group_3>%SNIPSDEFAULTNEXT%)\\s*$"
    ], 
    "Anqo:PreviousStep": [
      "^\\s*retourne\\s*\u00e0\\s*(?P<group_10>%SNIPSDEFAULTSTEP%)\\s*(?P<group_11>%SNIPSDEFAULTPREVIOUS%)\\s*$", 
      "^\\s*reviens\\s*en\\s*(?P<group_12>%SNIPSDEFAULTPREVIOUS%)\\s*$", 
      "^\\s*(?P<group_13>%SNIPSDEFAULTSTEP%)\\s*(?P<group_14>%SNIPSDEFAULTPREVIOUS%)\\s*$", 
      "^\\s*affiche\\s*moi\\s*(?P<group_8>%SNIPSDEFAULTSTEP%)\\s*(?P<group_9>%SNIPSDEFAULTPREVIOUS%)\\s*$"
    ]
  }, 
  "slot_names_to_entities": {
    "Anqo:NextStep": {
      "next": "snips/default--next", 
      "step": "snips/default--step"
    }, 
    "Anqo:PreviousStep": {
      "Previous": "snips/default--Previous", 
      "Step": "snips/default--Step"
    }
  }
}