{
  "config": {
    "max_pattern_length": 1000, 
    "max_queries": 100, 
    "unit_name": "deterministic_intent_parser"
  }, 
  "group_names_to_slot_names": {
    "group_0": "step", 
    "group_1": "next", 
    "group_2": "step", 
    "group_3": "next", 
    "group_4": "step", 
    "group_5": "next", 
    "group_6": "next", 
    "group_7": "step"
  }, 
  "language_code": "fr", 
  "patterns": {
    "Anqo:NextStep": [
      "^\\s*(?P<group_6>%SNIPSDEFAULTNEXT%)\\s*(?P<group_7>%SNIPSDEFAULTSTEP%)\\s*$", 
      "^\\s*(?P<group_4>%SNIPSDEFAULTSTEP%)\\s*(?P<group_5>%SNIPSDEFAULTNEXT%)\\s*$", 
      "^\\s*affiche\\s*(?P<group_0>%SNIPSDEFAULTSTEP%)\\s*(?P<group_1>%SNIPSDEFAULTNEXT%)\\s*$", 
      "^\\s*passe\\s*\u00e0\\s*(?P<group_2>%SNIPSDEFAULTSTEP%)\\s*(?P<group_3>%SNIPSDEFAULTNEXT%)\\s*$"
    ]
  }, 
  "slot_names_to_entities": {
    "Anqo:NextStep": {
      "next": "snips/default--next", 
      "step": "snips/default--step"
    }
  }
}